identifier,ligand_atom_index,los_atom_index,ligand_atom_label,ligand_atom_symbol,los_atom_label,los_atom_symbol,los_atom_buriedness,ligand_atom_residue_label,los_atom_residue_label,ligand_atom_is_acceptor,los_atom_is_acceptor,ligand_atom_is_donor,los_atom_is_donor,ligand_alphas,protein_alphas,ligand_h,protein_h,vdw_distance,distance,ligand_smiles,ligand_atom_type,protein_atom_type,rf_total,rf_total_error,rf_ligand,rf_ligand_error,rf_ligand_alpha,rf_ligand_alpha_error,rf_ligand_h,rf_ligand_h_error,rf_protein,rf_protein_error,rf_protein_alpha,rf_protein_alpha_error,rf_protein_h,rf_protein_h_error,interaction_type,is_primary,is_intramolecular,is_clash,is_hbond,is_hbond_mismatch,ligand_id
4MK8,4369.0,3175.0,C2762,C,C1987,C,93,,TYR415,False,False,False,False,53.9692789926317,68.07581548659661;103.92116379556316,,3.609218891681941,0.49989769096575487,3.8998976909657546,COC1=C(C=C(C=C1CCC1=CC=C(NS(C)(=O)=O)C=C1)C1=CC=CNC1=O)C(C)(C)C,carbon_alkyl_terminal_unpolarized,C_pi_phenyl,1.397257973962854,0.05810665687969937,1.5601689088406994,0.08133514802969921,1.5601689088406994,0.08133514802969921,,,1.251358000239525,0.0388423271351861,1.5658968447634631,0.09721131361707185,1.0,0.0,hydrophobic,False,0,False,False,False,0
4MK8,4344.0,3445.0,C2744,C,C2165,C,81,,TYR448,False,False,False,False,102.67924276459573;73.89563211553559,22.350635731718967;99.03060421478011,3.722077744005194,0.014830099306482936,0.4907138162553155,3.890713816255315,COC1=C(C=C(C=C1CCC1=CC=C(NS(C)(=O)=O)C=C1)C1=CC=CNC1=O)C(C)(C)C,carbon_aromatic_ch_shielded_unpolarized,C_pi_phenyl,1.0606238624287738,0.09231148476443204,1.257488487038059,0.02232981695947644,1.5812772950332665,0.056158975488417646,1.0,0.0,0.8945791465677918,0.13983407422705754,0.9883822564842101,0.10398479598840661,0.8096784864599029,0.1679421501616098,pi,True,0,False,False,False,0
4MK8,4363.0,2424.0,O804,O,N431,N,88,,ASP318,True,False,False,True,72.11104736341497,81.1792368637928;50.88425297799776,,1.725274753474574,0.4661481869401356,3.5361481869401357,COC1=C(C=C(C=C1CCC1=CC=C(NS(C)(=O)=O)C=C1)C1=CC=CNC1=O)C(C)(C)C,oxygen_sulfonyl,N_pi_amide_don,1.6840698827060014,0.2024685429237844,1.360834811309685,0.1216940795611704,1.360834811309685,0.1216940795611704,,,2.0840820254354853,0.31474937537720066,1.9321507505862077,0.20721267486594558,2.2479601487748835,0.43791675975849065,hbond_classic,True,0,False,False,False,0
4MK8,4361.0,2424.0,N770,N,N431,N,88,,ASP318,False,False,True,True,57.2055509729358;78.41007467643814,73.7160714456963;50.9897851606633,,0.6566286867001043,0.4628330019803044,3.5628330019803047,COC1=C(C=C(C=C1CCC1=CC=C(NS(C)(=O)=O)C=C1)C1=CC=CNC1=O)C(C)(C)C,nitrogen_nhc_sulfonamide,N_pi_amide_don,0.4518632960001796,0.23813222225816189,0.20418043827214594,0.21520642166684073,0.20418043827214594,0.21520642166684073,,,1.0,0.0,1.0,0.0,1.0,0.0,electrostatic_repulsion,True,0,False,False,True,0
4MK8,4371.0,2928.0,C2764,C,C1830,C,93,,LEU384,False,False,False,False,78.32723174664812,76.84765539216589,,,0.45338941712357905,3.8533894171235787,COC1=C(C=C(C=C1CCC1=CC=C(NS(C)(=O)=O)C=C1)C1=CC=CNC1=O)C(C)(C)C,carbon_alkyl_terminal_unpolarized,C_ali_apol,1.0749235416159753,0.029350445096932156,1.1554606203202311,0.0630989687831991,1.1554606203202311,0.0630989687831991,,,1.0,0.0,1.0,0.0,,,hydrophobic,True,0,False,False,False,0
4MK8,4361.0,2421.0,N770,N,C1517,C,100,,GLY317,False,False,True,False,69.01482187839181;94.47600824884583,71.65414783130309;83.93437891742995,,,0.44617288556690604,3.6961728855669063,COC1=C(C=C(C=C1CCC1=CC=C(NS(C)(=O)=O)C=C1)C1=CC=CNC1=O)C(C)(C)C,nitrogen_nhc_sulfonamide,C_ali_don,0.8853411455067791,0.21653559160360608,0.7838289439272558,0.3834157374266494,0.7838289439272558,0.3834157374266494,,,1.0,0.0,1.0,0.0,,,,False,0,False,False,False,0
4MK8,4348.0,3133.0,C2748,C,C1959,C,90,,GLY410,False,False,False,False,33.365875480436955;112.7204941641676,71.14651940149894;104.39136097615538;89.82442483294011,2.110935484669234,3.613708714850379,0.4400385414732517,3.840038541473252,COC1=C(C=C(C=C1CCC1=CC=C(NS(C)(=O)=O)C=C1)C1=CC=CNC1=O)C(C)(C)C,carbon_aromatic_ch_unshielded_weakly_polarized,C_pi_carbonyl,1.4255683242474106,0.17890737353648406,1.234773865277745,0.17933775189257017,1.5246664983729428,0.4428831381892202,1.0,0.0,1.645843910569362,0.17406217327080506,2.7088021779582503,0.5729583358764474,1.0,0.0,pi,False,0,False,False,False,0
4MK8,4364.0,2218.0,O805,O,O416,O,110,,SER288,True,True,False,True,21.54725197257551,100.00915260385963,,,0.4350234531582653,3.4750234531582653,COC1=C(C=C(C=C1CCC1=CC=C(NS(C)(=O)=O)C=C1)C1=CC=CNC1=O)C(C)(C)C,oxygen_sulfonyl,O_ali_mix,0.7179894050438701,0.12591385774166772,0.5155087857552505,0.180809631613437,0.5155087857552505,0.180809631613437,,,1.0,0.0,1.0,0.0,,,electrostatic_repulsion,False,0,False,False,True,0
4MK8,4343.0,3445.0,C2743,C,C2165,C,81,,TYR448,False,False,False,False,76.11051866763013;98.0811119472426;97.75425085707909,20.451630777429756;109.67542825551689,3.7199813475941177,1.1547925855564536,0.4339058413059649,3.833905841305965,COC1=C(C=C(C=C1CCC1=CC=C(NS(C)(=O)=O)C=C1)C1=CC=CNC1=O)C(C)(C)C,carbon_aromatic_c_no_h_c_n_no_don_acc,C_pi_phenyl,1.199767471265026,0.17875165245446847,1.4703999732606907,0.020929698826113768,2.16207608136504,0.061550057188543984,1.0,0.0,0.9789458727434789,0.27776917930036227,1.1033008143925311,0.20897119507859022,0.8686071914930503,0.32840372790098993,pi,False,0,False,False,False,0
4MK8,4357.0,2430.0,C2755,C,O457,O,67,,ASP318,False,True,False,True,29.055353864297246;101.30533774632272,11.368738262146934,1.4448720883943764,0.6812769310502782,0.42526295347811627,3.6452629534781162,COC1=C(C=C(C=C1CCC1=CC=C(NS(C)(=O)=O)C=C1)C1=CC=CNC1=O)C(C)(C)C,carbon_aromatic_ch_shielded_weakly_polarized,O_pi_acc_neg,1.097173036016313,0.1710583058082012,1.2341440674185922,0.13761075310845905,1.1228434700458154,0.09147392774592492,1.3564772114517074,0.19199531942372616,0.9754036848219578,0.19538649672403205,1.7192009601598484,0.31064230599839737,0.5534038023546664,0.12171397601299494,hbond_weak,True,0,False,False,False,0
4MK8,4349.0,3132.0,C2749,C,C1958,C,92,,GLY410,False,False,False,False,65.07018769979851;62.7085413921489,31.83295344131139;112.07604873995926,1.7482161201003024,,0.42375849132760934,3.823758491327609,COC1=C(C=C(C=C1CCC1=CC=C(NS(C)(=O)=O)C=C1)C1=CC=CNC1=O)C(C)(C)C,carbon_aromatic_ch_unshielded_polarized,C_ali_don,1.1150470585555614,0.124832221137672,0.8710932939456343,0.09784984896302465,0.7122772403874329,0.05939107940738275,1.0653204731690078,0.15050622931032542,1.4273212197073886,0.15925324781986777,1.4273212197073886,0.15925324781986777,,,hydrophobic,False,0,False,False,False,0
4MK8,4362.0,2421.0,S32,S,C1517,C,100,,GLY317,False,False,False,False,109.92613315230558;115.08565465726242;99.14820914535241;9.776525362769007,58.745302446318135;72.80846542054181,,,0.4195526530460072,3.919552653046007,COC1=C(C=C(C=C1CCC1=CC=C(NS(C)(=O)=O)C=C1)C1=CC=CNC1=O)C(C)(C)C,sulfur_sulfonyl,C_ali_don,0.8332691412961559,0.34535126923131787,1.5547625862165557,0.2810576702636461,1.5547625862165557,0.2810576702636461,,,0.44658745199553057,0.2894488755251743,0.44658745199553057,0.2894488755251743,,,hydrophobic,False,0,False,False,False,0
4MK8,4356.0,2436.0,C2754,C,C1525,C,72,,ASP319,False,False,False,False,18.413957285604795;107.21612097373256,41.92207571958687;78.98177953871038,0.8374816525583952,,0.4177236673180025,3.817723667318002,COC1=C(C=C(C=C1CCC1=CC=C(NS(C)(=O)=O)C=C1)C1=CC=CNC1=O)C(C)(C)C,carbon_aromatic_ch_shielded_unpolarized,C_ali_weak_pol,0.7501916606301193,0.09139799084014397,0.5942105772446987,0.09574260747128513,0.7429722945874478,0.12534733184495958,0.4752346927088811,0.07296791518146103,0.947117990205714,0.07817510637960355,0.947117990205714,0.07817510637960355,,,,False,0,False,False,False,0
4MK8,4352.0,3432.0,O803,O,C2155,C,89,,ILE447,True,False,False,False,64.05784632458226,68.72086537001846;99.18271441324221;54.74377552063568,1.6406048201793944,,0.41744154592207816,3.637441545922078,COC1=C(C=C(C=C1CCC1=CC=C(NS(C)(=O)=O)C=C1)C1=CC=CNC1=O)C(C)(C)C,oxygen_amide_sec_cyclic_Csp2_Csp2,C_ali_don,2.6258901475659138,0.28741831951883556,1.7198383043480745,0.19373720453606508,1.6421639434929969,0.14893902363181555,1.8011866627709052,0.24244007385663047,4.009271714469391,0.42603584934099437,4.009271714469391,0.42603584934099437,,,hbond_weak,True,0,False,False,False,0
4MK8,4348.0,3163.0,C2748,C,C1978,C,85,,MET414,False,False,False,False,107.26338230471293;77.80539233763085,35.05283221143091;102.63075937058483,3.6318596629539783,,0.4160353771945007,3.816035377194501,COC1=C(C=C(C=C1CCC1=CC=C(NS(C)(=O)=O)C=C1)C1=CC=CNC1=O)C(C)(C)C,carbon_aromatic_ch_unshielded_weakly_polarized,C_ali_weak_pol,1.4012415786140286,0.2434393622686819,1.0880558062838404,0.06638833064693397,1.1838654375879778,0.14446841725977586,1.0,0.0,1.8045746829317724,0.5169146734832447,1.8045746829317724,0.5169146734832447,,,hydrophobic,False,0,False,False,False,0
4MK8,4369.0,3177.0,C2762,C,C1989,C,89,,TYR415,False,False,False,False,65.05271796731017,96.73917478131663;72.3356697813345;98.8689511209355,,3.628843870228053,0.4116849292668461,3.8116849292668458,COC1=C(C=C(C=C1CCC1=CC=C(NS(C)(=O)=O)C=C1)C1=CC=CNC1=O)C(C)(C)C,carbon_alkyl_terminal_unpolarized,C_pi_phenyl,1.4415422740114139,0.052000604058958066,1.6493145911224214,0.0708409653977069,1.6493145911224214,0.0708409653977069,,,1.2599440633989725,0.03678284578241465,1.5874590428943138,0.09268865635694654,1.0,0.0,hydrophobic,True,0,False,False,False,0
4MK8,4370.0,1522.0,C2763,C,C966,C,91,,ARG200,False,False,False,False,67.2398955028285,50.505087965032715;61.464700427896204,,,0.40840347127244336,3.8084034712724435,COC1=C(C=C(C=C1CCC1=CC=C(NS(C)(=O)=O)C=C1)C1=CC=CNC1=O)C(C)(C)C,carbon_alkyl_terminal_unpolarized,C_ali_don,0.9798029141519063,0.07874727059238627,0.9569914467541816,0.07247684073313876,0.9569914467541816,0.07247684073313876,,,1.0031581304479127,0.08527545219136451,1.0031581304479127,0.08527545219136451,,,hydrophobic,True,0,False,False,False,0
4MK8,4347.0,3176.0,C2747,C,C1988,C,88,,TYR415,False,False,False,False,43.84155695716154;79.06800565497083,71.49954713572606;62.55787920593386,0.7470628766022926,2.3879537454829816,0.4054652803566612,3.805465280356661,COC1=C(C=C(C=C1CCC1=CC=C(NS(C)(=O)=O)C=C1)C1=CC=CNC1=O)C(C)(C)C,carbon_aromatic_ch_shielded_unpolarized,C_pi_phenyl,1.2246908935588239,0.12201619791736833,1.5267689255437977,0.09305793917288575,1.5358607095052732,0.0596368484007823,1.5177309619158268,0.12608125666685088,0.9823803456254483,0.13587253381542697,1.0173648987236503,0.0850876941788441,0.9485988210148778,0.18306403859022152,pi,True,0,False,False,False,0
4MK8,4349.0,3164.0,C2749,C,C1979,C,89,,MET414,False,False,False,False,100.86611350677164;100.88877813780438,81.10465075595457;36.3276278600149,3.514423017136547,,0.4016550343238656,3.8016550343238658,COC1=C(C=C(C=C1CCC1=CC=C(NS(C)(=O)=O)C=C1)C1=CC=CNC1=O)C(C)(C)C,carbon_aromatic_ch_unshielded_polarized,C_ali_apol,1.512096823725794,0.0976980170654551,1.2297817610685562,0.025359912655885043,1.5123631798568795,0.06237431609299815,1.0,0.0,1.8592215925652953,0.20191226869946433,1.8592215925652953,0.20191226869946433,,,hydrophobic,False,0,False,False,False,0
4MK8,4348.0,3164.0,C2748,C,C1979,C,89,,MET414,False,False,False,False,103.07432323341739;99.70052428302081,100.54463843193238;24.966548337428236,3.489873346782133,,0.3876488749618796,3.7876488749618797,COC1=C(C=C(C=C1CCC1=CC=C(NS(C)(=O)=O)C=C1)C1=CC=CNC1=O)C(C)(C)C,carbon_aromatic_ch_unshielded_weakly_polarized,C_ali_apol,1.39416500807568,0.16781615104007536,1.1827005458159054,0.14260128283038603,1.1361668720798543,0.12015831018444303,1.2311400864141098,0.16668107682507127,1.6434388879069726,0.19748897410884586,1.6434388879069726,0.19748897410884586,,,hydrophobic,True,0,False,False,False,0
4MK8,4359.0,1468.0,C2757,C,C932,C,95,,PHE193,False,False,False,False,86.525232551857;94.65178203984685,79.39599738607865;40.630689535715476,3.7694956599903193,0.3484131193984865,0.3829467350201974,3.7829467350201975,COC1=C(C=C(C=C1CCC1=CC=C(NS(C)(=O)=O)C=C1)C1=CC=CNC1=O)C(C)(C)C,carbon_aromatic_ch_shielded_weakly_polarized,C_pi_phenyl,1.0094790288114854,0.08674451906023664,1.303385295428134,0.01627866126535385,1.6988132283382844,0.0424347354450355,1.0,0.0,0.781847020358968,0.1246033106827382,0.9200330952210387,0.08318138148196211,0.6644160589650691,0.1517058564847335,hbond_weak,True,0,False,False,False,0
4MK8,4351.0,3164.0,C2750,C,C1979,C,89,,MET414,False,False,False,False,103.68672446170741;100.2795369809054;67.1820367114785,67.28777949823585;68.89533951553945,3.488033268993533,,0.3768647050165843,3.7768647050165844,COC1=C(C=C(C=C1CCC1=CC=C(NS(C)(=O)=O)C=C1)C1=CC=CNC1=O)C(C)(C)C,carbon_amide_sec_Csp2_Csp2,C_ali_apol,1.8667372136148048,0.3030821100211367,1.6677972961936536,0.13194165816790218,1.6415659793266077,0.13022350287707846,1.6944477750031646,0.13368147217713744,2.0894072874727483,0.5131735415153676,2.0894072874727483,0.5131735415153676,,,hydrophobic,False,0,False,False,False,0
4MK8,4340.0,3166.0,C2740,C,C1980,C,83,,MET414,False,False,False,False,76.41235430629852;88.35913161050256,56.82897240525057,3.5993554666205867,,0.36942555305181846,3.769425553051818,COC1=C(C=C(C=C1CCC1=CC=C(NS(C)(=O)=O)C=C1)C1=CC=CNC1=O)C(C)(C)C,carbon_aromatic_ch_shielded_unpolarized,C_ali_apol,1.0145293096369123,0.05698664283354903,1.0514623028707502,0.015693695034810065,1.105572974358261,0.03300265744370529,1.0,0.0,0.9788936011326236,0.09535936847515719,0.9788936011326236,0.09535936847515719,,,hydrophobic,True,0,False,False,False,0
4MK8,4349.0,3134.0,C2749,C,O600,O,91,,GLY410,False,True,False,False,94.3362580607947;57.488762819073216,101.58709923156263,2.903098157496583,3.484135011368009,0.3593851427305206,3.5793851427305206,COC1=C(C=C(C=C1CCC1=CC=C(NS(C)(=O)=O)C=C1)C1=CC=CNC1=O)C(C)(C)C,carbon_aromatic_ch_unshielded_polarized,O_pi_acc,1.3664936978501754,0.09240670417382094,1.306418433773686,0.09103390541763294,1.6854541196214323,0.06691944690951236,1.012622713507643,0.10091796055194607,1.4293315051215238,0.09371325876346023,1.0,0.0,2.042988551532961,0.2678946263964389,hbond_weak,False,0,False,False,False,0
4MK8,4365.0,4292.0,C2759,C,C2710,C,67,,SER556,False,False,False,False,77.04976835384133,33.47772981422992;112.94946249230529,,,0.3424902137480619,3.7424902137480616,COC1=C(C=C(C=C1CCC1=CC=C(NS(C)(=O)=O)C=C1)C1=CC=CNC1=O)C(C)(C)C,"carbon_alkyl_terminal_polarized_C,S,P_O,F",C_ali_don,0.9376626583099915,0.27473083179952257,0.8661967052484362,0.22624599054438926,0.8661967052484362,0.22624599054438926,,,1.0150249423273794,0.3296761103976814,1.0150249423273794,0.3296761103976814,,,hydrophobic,False,0,False,False,False,0
4MK8,4363.0,2421.0,O804,O,C1517,C,100,,GLY317,True,False,False,False,86.2690880758381,37.440472842677025;85.84343326057561,,,0.33738007528012326,3.5573800752801232,COC1=C(C=C(C=C1CCC1=CC=C(NS(C)(=O)=O)C=C1)C1=CC=CNC1=O)C(C)(C)C,oxygen_sulfonyl,C_ali_don,1.6494483015424932,0.1946960148168408,1.4983670934673623,0.19463181750560687,1.4983670934673623,0.19463181750560687,,,1.8157631139412622,0.19279437472091318,1.8157631139412622,0.19279437472091318,,,hbond_weak,True,0,False,False,False,0
4MK8,4347.0,3164.0,C2747,C,C1979,C,89,,MET414,False,False,False,False,101.44563797094553;98.69192207992369,104.73842527782442;42.228065035010815,3.483972472381552,,0.3323283617602588,3.7323283617602585,COC1=C(C=C(C=C1CCC1=CC=C(NS(C)(=O)=O)C=C1)C1=CC=CNC1=O)C(C)(C)C,carbon_aromatic_ch_shielded_unpolarized,C_ali_apol,1.1026886903406081,0.09778528986582939,1.2291509140695827,0.04417231775990933,1.2249590212848651,0.03700668194217059,1.2333571517954884,0.05138656279187803,0.9892376386714802,0.13989864478778136,0.9892376386714802,0.13989864478778136,,,hydrophobic,False,0,False,False,False,0
4MK8,4364.0,2214.0,O805,O,C1392,C,105,,SER288,True,False,False,False,57.32396213701813,62.690912654443636;58.61990957112194;103.63331392565962,,,0.32973872277946525,3.5497387227794652,COC1=C(C=C(C=C1CCC1=CC=C(NS(C)(=O)=O)C=C1)C1=CC=CNC1=O)C(C)(C)C,oxygen_sulfonyl,C_ali_don,1.8811571081037326,0.1570017444846513,1.7396588803514357,0.12984945986037966,1.7396588803514357,0.12984945986037966,,,2.0341643441352826,0.18771194604817987,2.0341643441352826,0.18771194604817987,,,hbond_weak,False,0,False,True,False,0
4MK8,4371.0,2804.0,C2764,C,O540,O,90,,SER368,False,True,False,True,43.9813307507583,74.01205192805165,,,0.3189358570056069,3.538935857005607,COC1=C(C=C(C=C1CCC1=CC=C(NS(C)(=O)=O)C=C1)C1=CC=CNC1=O)C(C)(C)C,carbon_alkyl_terminal_unpolarized,O_ali_mix,0.6335603690837337,0.10522733961012878,0.6933418787617931,0.12562188162797427,0.6933418787617931,0.12562188162797427,,,0.5789333567883657,0.08741581675907156,0.5789333567883657,0.08741581675907156,,,desolvation,True,0,False,True,False,0
4MK8,4346.0,3164.0,C2746,C,C1979,C,89,,MET414,False,False,False,False,71.88106951432175;99.89429955413685;98.80070447773032,88.90258023189328;61.89082810966086,3.528925385492329,,0.3133356971865624,3.713335697186562,COC1=C(C=C(C=C1CCC1=CC=C(NS(C)(=O)=O)C=C1)C1=CC=CNC1=O)C(C)(C)C,carbon_aromatic_c_no_h_c_n_no_don_acc,C_ali_apol,1.236142092955443,0.10406955865793027,1.2395937037900684,0.01984514601020809,1.5365925504759799,0.049199836090097086,1.0,0.0,1.23270009302584,0.1878247768280548,1.23270009302584,0.1878247768280548,,,hydrophobic,True,0,False,False,False,0
4MK8,4342.0,3447.0,C2742,C,C2167,C,82,,TYR448,False,False,False,False,84.29636004716708;104.67715124202653;84.82673477555916,69.5427918572216;54.177711459163035,3.5780620729123918,1.251254839250734,0.3021276315113737,3.7021276315113734,COC1=C(C=C(C=C1CCC1=CC=C(NS(C)(=O)=O)C=C1)C1=CC=CNC1=O)C(C)(C)C,carbon_aromatic_c_phen_ol_oxy,C_pi_phenyl,1.1566686703435012,0.09513897155280339,1.3039257866221836,0.03901055750435803,1.70022245701828,0.10173374376087993,1.0,0.0,1.0260418397123536,0.1380922695946775,1.052761856840311,0.28337689268995436,1.0,0.0,pi,False,0,False,False,False,0
4MK8,4364.0,2217.0,O805,O,C1394,C,107,,SER288,True,False,False,False,33.66194962754369,101.2701123045988;103.3757798941994,,,0.29755156323258425,3.517551563232584,COC1=C(C=C(C=C1CCC1=CC=C(NS(C)(=O)=O)C=C1)C1=CC=CNC1=O)C(C)(C)C,oxygen_sulfonyl,C_ali_don,1.84100654015462,0.18935981945431396,1.923041859715319,0.18393654968254158,1.923041859715319,0.18393654968254158,,,1.7624707771019748,0.19398565692925637,1.7624707771019748,0.19398565692925637,,,hbond_weak,True,0,False,False,False,0
4MK8,4347.0,3163.0,C2747,C,C1978,C,85,,MET414,False,False,False,False,83.87193684904521;94.52490583444127,18.761189113111527;99.09854313072226,3.6332783741604473,,0.2555192517616436,3.6555192517616435,COC1=C(C=C(C=C1CCC1=CC=C(NS(C)(=O)=O)C=C1)C1=CC=CNC1=O)C(C)(C)C,carbon_aromatic_ch_shielded_unpolarized,C_ali_weak_pol,0.9779071533996945,0.06479857432802365,1.0994990678934558,0.017403667164416003,1.208898200298578,0.03827063165040667,1.0,0.0,0.8697619021201041,0.10149797788184994,0.8697619021201041,0.10149797788184994,,,hbond_weak,True,0,False,False,False,0
4MK8,4357.0,2436.0,C2755,C,C1525,C,72,,ASP319,False,False,False,False,93.97667374128517;29.05189544570962,62.64565287236384;58.00499509617892,0.8445628335383404,,0.25547206253857624,3.655472062538576,COC1=C(C=C(C=C1CCC1=CC=C(NS(C)(=O)=O)C=C1)C1=CC=CNC1=O)C(C)(C)C,carbon_aromatic_ch_shielded_weakly_polarized,C_ali_weak_pol,0.658051598193297,0.06827723295615266,0.5402660855206229,0.061439933104488295,0.7684221576070971,0.04772748519376093,0.3798529757037828,0.06280193322716285,0.8015159890472576,0.07517554196585413,0.8015159890472576,0.07517554196585413,,,,True,0,False,False,False,0
4MK8,4365.0,4293.0,C2759,C,O793,O,61,,SER556,False,True,False,True,55.02615328927409,89.31762816180435,,,0.22651331057926094,3.446513310579261,COC1=C(C=C(C=C1CCC1=CC=C(NS(C)(=O)=O)C=C1)C1=CC=CNC1=O)C(C)(C)C,"carbon_alkyl_terminal_polarized_C,S,P_O,F",O_ali_mix,0.7192874690509415,0.4125861447826977,1.0126767055103632,0.4363896425028001,1.0126767055103632,0.4363896425028001,,,0.5108979601470794,0.3659465133264861,0.5108979601470794,0.3659465133264861,,,hbond_weak,True,0,False,False,False,0
4MK8,4343.0,3447.0,C2743,C,C2167,C,82,,TYR448,False,False,False,False,97.4155254463446;87.75322934443504;86.508295979733,91.63240889951787;34.764802466866115,3.580186318920685,1.3242900667659399,0.21152903906365017,3.61152903906365,COC1=C(C=C(C=C1CCC1=CC=C(NS(C)(=O)=O)C=C1)C1=CC=CNC1=O)C(C)(C)C,carbon_aromatic_c_no_h_c_n_no_don_acc,C_pi_phenyl,1.179448125947818,0.1726504832305856,1.4771011347340448,0.01997673839126868,2.181827762232603,0.059015325892056256,1.0,0.0,0.9417756503533455,0.2629819738512112,1.0211075665559504,0.18420813116910487,0.8686071914930503,0.32840372790098993,pi,True,0,False,False,False,0
4MK8,4370.0,3450.0,C2763,C,O653,O,95,,TYR448,False,True,False,True,40.0163421147428,58.888814649078384,,0.24262233711420578,0.16552935299636684,3.385529352996367,COC1=C(C=C(C=C1CCC1=CC=C(NS(C)(=O)=O)C=C1)C1=CC=CNC1=O)C(C)(C)C,carbon_alkyl_terminal_unpolarized,O_pi_mix,0.7675086283727764,0.15132424975122788,0.8719704962164666,0.151494726239839,0.8719704962164666,0.151494726239839,,,0.6755612686239606,0.14902036920699382,0.7999809680403797,0.1523855730881732,0.5704923565653861,0.14301587064901491,desolvation,True,0,False,False,False,0
4MK8,4348.0,3141.0,C2748,C,O602,O,88,,ASN411,False,True,False,False,64.94667986514932;54.95485882417766,47.95881897034917,0.6277370747476283,2.4030843738585235,0.16208145969312926,3.3820814596931292,COC1=C(C=C(C=C1CCC1=CC=C(NS(C)(=O)=O)C=C1)C1=CC=CNC1=O)C(C)(C)C,carbon_aromatic_ch_unshielded_weakly_polarized,O_pi_acc,2.348201931657514,0.4774852908030276,1.8800858665768445,0.2536066410465388,1.4736035570868353,0.15275633203146013,2.3986932229519,0.39847144896773234,2.932872593675606,0.7971273142075198,2.8204199735017124,0.6041251937669059,3.0498087985293627,1.0045593926700613,hbond_weak,True,0,False,True,False,0
4MK8,4349.0,3133.0,C2749,C,C1959,C,90,,GLY410,False,False,False,False,87.92585420664338;47.05219231999868,91.32724639573237;98.39023293785561;76.4753988929853,2.056569649348493,3.484135011368007,0.14437371054464476,3.5443737105446447,COC1=C(C=C(C=C1CCC1=CC=C(NS(C)(=O)=O)C=C1)C1=CC=CNC1=O)C(C)(C)C,carbon_aromatic_ch_unshielded_polarized,C_pi_carbonyl,1.6832397004231456,0.2182073789665981,1.807616265721227,0.2792220212067792,1.6588408820326621,0.16977294676771515,1.969734770520092,0.40693767891268195,1.567421107460623,0.16426725203090348,1.5253811392269396,0.1456823791910321,1.6106197100078163,0.18376587835072966,pi,True,0,False,False,False,0
4MK8,4367.0,2439.0,C2760,C,O461,O,77,,ASP319,False,True,False,True,32.00779178262701,7.048361673838485,,0.4093355483174861,0.1232022074651733,3.3432022074651733,COC1=C(C=C(C=C1CCC1=CC=C(NS(C)(=O)=O)C=C1)C1=CC=CNC1=O)C(C)(C)C,"carbon_alkyl_terminal_polarized_N,O,F",O_pi_acc_neg,0.8256919191515535,0.23906539184769468,0.8301575980029844,0.1685085487222716,0.8301575980029844,0.1685085487222716,,,0.8212502625913743,0.3088582639303913,0.8652115297634085,0.43400808488398557,0.779522660765778,0.19530567702476553,hbond_weak,True,0,False,False,False,0
4MK8,4363.0,2233.0,O804,O,C1402,C,104,,ASN291,True,False,False,False,29.766166249774557,19.249203441889676;96.13720195902899,,,0.10474525339912533,3.3247452533991253,COC1=C(C=C(C=C1CCC1=CC=C(NS(C)(=O)=O)C=C1)C1=CC=CNC1=O)C(C)(C)C,oxygen_sulfonyl,C_ali_weak_pol,1.4673930097422476,0.2205330507690587,1.5980915389553088,0.15702082343176949,1.5980915389553088,0.15702082343176949,,,1.3473835462817179,0.2726064369257061,1.3473835462817179,0.2726064369257061,,,hbond_weak,True,0,False,False,False,0
4MK8,4357.0,2415.0,C2755,C,O453,O,80,,ASN316,False,True,False,False,66.44510205603949;79.06236028220792,49.69407742142735,2.4854129727053973,2.3652642681158476,-0.10504622827239829,3.1149537717276017,COC1=C(C=C(C=C1CCC1=CC=C(NS(C)(=O)=O)C=C1)C1=CC=CNC1=O)C(C)(C)C,carbon_aromatic_ch_shielded_weakly_polarized,O_pi_acc,1.063237907792117,0.08889540739532285,1.1357991554490376,0.06177990469396148,1.0693313416818042,0.03684361533765379,1.2063984952407931,0.08967383757485026,0.995312281350681,0.11229418110428438,0.9731857842878736,0.07976150942443899,1.0179418497490695,0.14626495681550827,hbond_weak,True,0,False,False,False,0
4MK8,4352.0,3439.0,O803,O,N601,N,80,,TYR448,True,False,False,True,21.619964637073025,61.48346976064657;63.68245780768049,0.515080595683262,0.5163277203574097,-0.1897949725757353,2.8802050274242648,COC1=C(C=C(C=C1CCC1=CC=C(NS(C)(=O)=O)C=C1)C1=CC=CNC1=O)C(C)(C)C,oxygen_amide_sec_cyclic_Csp2_Csp2,N_pi_amide_don,3.4247200880300626,0.3272101230854547,2.5002988041724707,0.22329788024461117,2.37864363745427,0.19498294173457165,2.6281759956430104,0.25399910661676506,4.690922405667635,0.47743618942882693,4.733574600625896,0.36977013335984,4.648654531204612,0.5831319591380666,hbond_classic,True,0,False,True,False,0
4MK8,4350.0,3425.0,N769,N,O649,O,87,,GLN446,False,True,True,False,67.48712502995834;57.38198723074585,30.516438005751553,0.16742517965759163,1.055205595261242,-0.26325580075419075,2.8067441992458093,COC1=C(C=C(C=C1CCC1=CC=C(NS(C)(=O)=O)C=C1)C1=CC=CNC1=O)C(C)(C)C,nitrogen_amide_sec_Csp2_Csp2,O_pi_acc,2.3040586682416633,0.2208381082376897,2.7062307753455723,0.2356426303129665,2.60337155721108,0.19369221970290135,2.813153961501046,0.28060560125581824,1.9616532318910067,0.20522964739791236,3.8480834021884323,0.805178802195933,1.0,0.0,hbond_classic,True,0,False,True,False,0
4MK8,4361.0,2430.0,N770,N,O457,O,67,,ASP318,False,True,True,True,65.03648218450394;65.59128404213294,31.47090812275934,,1.4382367509267402,-0.2719739100573062,2.798026089942694,COC1=C(C=C(C=C1CCC1=CC=C(NS(C)(=O)=O)C=C1)C1=CC=CNC1=O)C(C)(C)C,nitrogen_nhc_sulfonamide,O_pi_acc_neg,1.0,0.0,1.0,0.0,1.0,0.0,,,1.0,0.0,1.0,0.0,1.0,0.0,,True,0,False,True,False,0
4MK8,4363.0,2236.0,O804,O,N397,N,101,,ASN291,True,False,False,True,29.833129789228224,67.34586938052605,,0.09192902596365427,-0.3008871456728246,2.7691128543271755,COC1=C(C=C(C=C1CCC1=CC=C(NS(C)(=O)=O)C=C1)C1=CC=CNC1=O)C(C)(C)C,oxygen_sulfonyl,N_pi_amide_don,2.2989967318342397,0.19295314432146674,2.1356672784329023,0.19858219916712905,2.1356672784329023,0.19858219916712905,,,2.4748171339043017,0.1853016485262457,2.485035282830776,0.1547632154582228,2.4646410007062176,0.21558632463245697,hbond_classic,True,0,False,True,False,0
